Workbook

Sheet Petunjuk
B2: Template Latihan STRIDE + DREAD
B3: Mata kuliah Cybersecurity · Pertemuan 3 Threat Modelling · Dosen: Muhamad Yusril Helmi Setyawan
B5: Tujuan | C5: Mengklasifikasikan ancaman dengan STRIDE, menilainya dengan DREAD, lalu mengurutkan prioritas mitigasi.
B6: Langkah 1 | C6: Buka sheet STRIDE_DREAD_Template. Pada baris contoh (CVE nyata) lihat pola pengisiannya; hapus isinya bila tidak dipakai.
B7: Langkah 2 | C7: Isi kolom ID dan Deskripsi ancaman (boleh CVE atau ancaman studi kasus e-commerce).
B8: Langkah 3 | C8: STRIDE: isi 1 bila kategori itu berlaku, 0 bila tidak (pilih dari daftar). Satu ancaman bisa punya beberapa kategori.
B9: Langkah 4 | C9: DREAD: isi skor 0–10 untuk 5 dimensi. Gunakan sheet DREAD_Guidelines sebagai patokan agar skor konsisten.
B10: Langkah 5 | C10: Total, Level Risiko, dan Prioritas terhitung otomatis. Jangan diubah. Lihat rekap dan grafik di sheet Ringkasan.
B11: Warna sel | C11: Kuning muda = diisi mahasiswa · Abu-abu = rumus otomatis (jangan diedit) · Biru = STRIDE · Oranye = DREAD · Hijau = hasil.
B12: Skala level | C12: Total DREAD 0–50: CRITICAL ≥ 40, HIGH 30–39, MEDIUM 20–29, LOW < 20. Batas dapat diubah di sheet DREAD_Guidelines.
B13: Catatan | C13: Total dan level baru muncul setelah kelima skor DREAD terisi. Kapasitas 40 baris. DREAD bersifat subjektif: tuliskan alasan skor pada kolom Catatan.
B14: Sheet lain | C14: Ringkasan (rekap otomatis) · STRIDE_Guidelines (definisi dan contoh) · DREAD_Guidelines (rubrik skor dan skala risiko).

Sheet STRIDE_DREAD_Template
A1: Latihan STRIDE + DREAD
A2: Isi hanya sel kuning. STRIDE: 1 = berlaku, 0 = tidak. DREAD: skor 0–10. Kolom abu-abu dan hijau terhitung otomatis.
A3: Identitas | D3: STRIDE (1 = ya, 0 = tidak) | K3: DREAD (skor 0–10) | P3: Hasil otomatis | S3: Catatan
A4: No | B4: ID Ancaman / CVE | C4: Deskripsi | D4: S Spoofing | E4: T Tampering | F4: R Repudiation | G4: I Info Disclosure | H4: D Denial of Service | I4: E Elevation of Privilege | J4: Jumlah STRIDE | K4: Damage (0–10) | L4: Reproducibility (0–10) | M4: Exploitability (0–10) | N4: Affected Users (0–10) | O4: Discoverability (0–10) | P4: Total DREAD (0–50) | Q4: Level Risiko | R4: Prioritas (1 = tertinggi) | S4: Catatan / alasan skor
A5: 1 | B5: CVE-2023-28438 / CWE-285 | C5: Broken Object Level Authorization (BOLA/IDOR) pada perubahan status Booking (BookingController::updateStatus baris 230 dinonaktifkan) | D5: 0 | E5: 1 | F5: 0 | G5: 1 | H5: 0 | I5: 1 | J5: =IF(COUNT(D5:I5)=0,"",SUM(D5:I5)) -> 3 | K5: 8 | L5: 9 | M5: 8 | N5: 8 | O5: 7 | P5: =IF(COUNT(K5:O5)=5,SUM(K5:O5),"") -> 40 | Q5: =IF(P5="","",IF(P5>=DREAD_Guidelines!$B$13,"CRITICAL",IF(P5>=DREAD_Guidelines!$B$14,"HIGH",IF(P5>=DREAD_Guidelines!$B$15,"MEDIUM","LOW")))) -> CRITICAL | R5: =IF(P5="","",RANK(P5,$P$5:$P$44,0)) -> 2 | S5: Cek kepemilikan auth id dinonaktifkan sehingga pengguna lain dapat memanipulasi status order sembarang pengguna.
A6: 2 | B6: CVE-2024-21516 / CWE-918 | C6: Server-Side Request Forgery (SSRF) & Unrestricted File Upload via validasi ekstensi/tipe MIME gambar (Image Upload) | D6: 0 | E6: 1 | F6: 0 | G6: 1 | H6: 0 | I6: 1 | J6: =IF(COUNT(D6:I6)=0,"",SUM(D6:I6)) -> 3 | K6: 8 | L6: 7 | M6: 6 | N6: 7 | O6: 6 | P6: =IF(COUNT(K6:O6)=5,SUM(K6:O6),"") -> 34 | Q6: =IF(P6="","",IF(P6>=DREAD_Guidelines!$B$13,"CRITICAL",IF(P6>=DREAD_Guidelines!$B$14,"HIGH",IF(P6>=DREAD_Guidelines!$B$15,"MEDIUM","LOW")))) -> HIGH | R6: =IF(P6="","",RANK(P6,$P$5:$P$44,0)) -> 8 | S6: Upload gambar hanya validasi mime image tanpa verifikasi isi binari mendalam atau sanitasi payload SVG/WebP bermasalah.
A7: 3 | B7: CVE-2023-45133 / CWE-306 | C7: Missing Authentication & Authorization pada Webhook / API Callback Midtrans (PaymentCallbackController) | D7: 1 | E7: 1 | F7: 1 | G7: 0 | H7: 0 | I7: 0 | J7: =IF(COUNT(D7:I7)=0,"",SUM(D7:I7)) -> 3 | K7: 9 | L7: 8 | M7: 7 | N7: 8 | O7: 7 | P7: =IF(COUNT(K7:O7)=5,SUM(K7:O7),"") -> 39 | Q7: =IF(P7="","",IF(P7>=DREAD_Guidelines!$B$13,"CRITICAL",IF(P7>=DREAD_Guidelines!$B$14,"HIGH",IF(P7>=DREAD_Guidelines!$B$15,"MEDIUM","LOW")))) -> HIGH | R7: =IF(P7="","",RANK(P7,$P$5:$P$44,0)) -> 4 | S7: Verifikasi SHA512 rentan bypass jika secret key kosong/lemah di env, atau replay attack karena ketiadaan nonce/timestamp check.
A8: 4 | B8: CVE-2022-31279 / CWE-862 | C8: Improper Access Control & BOLA pada Endpoint Pesan Chat (ChatController::destroy & context viewer) | D8: 0 | E8: 1 | F8: 1 | G8: 1 | H8: 0 | I8: 0 | J8: =IF(COUNT(D8:I8)=0,"",SUM(D8:I8)) -> 3 | K8: 6 | L8: 8 | M8: 7 | N8: 6 | O8: 6 | P8: =IF(COUNT(K8:O8)=5,SUM(K8:O8),"") -> 33 | Q8: =IF(P8="","",IF(P8>=DREAD_Guidelines!$B$13,"CRITICAL",IF(P8>=DREAD_Guidelines!$B$14,"HIGH",IF(P8>=DREAD_Guidelines!$B$15,"MEDIUM","LOW")))) -> HIGH | R8: =IF(P8="","",RANK(P8,$P$5:$P$44,0)) -> 10 | S8: Pengguna dapat menghapus atau melihat riwayat percakapan pihak lain dengan manipulasi hash ID booking/user.
A9: 5 | B9: CVE-2023-40028 / CWE-209 | C9: Information Disclosure via APP_DEBUG=true & Logging Error Sensitive Data di Environment Production | D9: 0 | E9: 0 | F9: 0 | G9: 1 | H9: 0 | I9: 0 | J9: =IF(COUNT(D9:I9)=0,"",SUM(D9:I9)) -> 1 | K9: 7 | L9: 9 | M9: 9 | N9: 9 | O9: 9 | P9: =IF(COUNT(K9:O9)=5,SUM(K9:O9),"") -> 43 | Q9: =IF(P9="","",IF(P9>=DREAD_Guidelines!$B$13,"CRITICAL",IF(P9>=DREAD_Guidelines!$B$14,"HIGH",IF(P9>=DREAD_Guidelines!$B$15,"MEDIUM","LOW")))) -> CRITICAL | R9: =IF(P9="","",RANK(P9,$P$5:$P$44,0)) -> 1 | S9: Debug mode aktif menampilkan stack trace, variabel lingkungan, kredensial DB, dan API Key saat terjadi exception.
A10: 6 | B10: CVE-2023-38035 / CWE-770 | C10: Denial of Service (DoS) via Unrestricted File Upload Size (10MB) & Uncached Heavy Haversine Geolocation Query | D10: 0 | E10: 0 | F10: 0 | G10: 0 | H10: 1 | I10: 0 | J10: =IF(COUNT(D10:I10)=0,"",SUM(D10:I10)) -> 1 | K10: 7 | L10: 8 | M10: 8 | N10: 8 | O10: 7 | P10: =IF(COUNT(K10:O10)=5,SUM(K10:O10),"") -> 38 | Q10: =IF(P10="","",IF(P10>=DREAD_Guidelines!$B$13,"CRITICAL",IF(P10>=DREAD_Guidelines!$B$14,"HIGH",IF(P10>=DREAD_Guidelines!$B$15,"MEDIUM","LOW")))) -> HIGH | R10: =IF(P10="","",RANK(P10,$P$5:$P$44,0)) -> 5 | S10: Endpoint marketplace dan upload gambar 10MB tanpa rate-limiting membebani CPU, RAM, dan I/O server web.
A11: 7 | B11: CVE-2024-21501 / CWE-79 | C11: Stored Cross-Site Scripting (XSS) pada Kolom Ulasan (Review), Deskripsi Jasa, dan Catatan Booking | D11: 1 | E11: 1 | F11: 0 | G11: 1 | H11: 0 | I11: 1 | J11: =IF(COUNT(D11:I11)=0,"",SUM(D11:I11)) -> 4 | K11: 7 | L11: 8 | M11: 7 | N11: 8 | O11: 7 | P11: =IF(COUNT(K11:O11)=5,SUM(K11:O11),"") -> 37 | Q11: =IF(P11="","",IF(P11>=DREAD_Guidelines!$B$13,"CRITICAL",IF(P11>=DREAD_Guidelines!$B$14,"HIGH",IF(P11>=DREAD_Guidelines!$B$15,"MEDIUM","LOW")))) -> HIGH | R11: =IF(P11="","",RANK(P11,$P$5:$P$44,0)) -> 6 | S11: Payload script tersimpan dapat dieksekusi di browser admin atau pengguna lain jika sanitasi output HTML/v-html terlewat.
A12: 8 | B12: CVE-2022-31129 / CWE-384 | C12: Session Hijacking & Insecure Session Configuration (SESSION_ENCRYPT=false, HTTP-only cookie missing over tunnel) | D12: 1 | E12: 0 | F12: 0 | G12: 1 | H12: 0 | I12: 1 | J12: =IF(COUNT(D12:I12)=0,"",SUM(D12:I12)) -> 3 | K12: 8 | L12: 7 | M12: 6 | N12: 7 | O12: 6 | P12: =IF(COUNT(K12:O12)=5,SUM(K12:O12),"") -> 34 | Q12: =IF(P12="","",IF(P12>=DREAD_Guidelines!$B$13,"CRITICAL",IF(P12>=DREAD_Guidelines!$B$14,"HIGH",IF(P12>=DREAD_Guidelines!$B$15,"MEDIUM","LOW")))) -> HIGH | R12: =IF(P12="","",RANK(P12,$P$5:$P$44,0)) -> 8 | S12: Sesi pengguna tidak dienkripsi dalam tabel sessions DB dan rentan jika MITM terjadi pada jaringan lokal/tunnel non-TLS murni.
A13: 9 | B13: CVE-2023-22809 / CWE-269 | C13: Privilege Escalation via Mass Assignment pada Model User (Protected Fillable Role attribute exposure) | D13: 1 | E13: 1 | F13: 0 | G13: 0 | H13: 0 | I13: 1 | J13: =IF(COUNT(D13:I13)=0,"",SUM(D13:I13)) -> 3 | K13: 9 | L13: 8 | M13: 7 | N13: 7 | O13: 6 | P13: =IF(COUNT(K13:O13)=5,SUM(K13:O13),"") -> 37 | Q13: =IF(P13="","",IF(P13>=DREAD_Guidelines!$B$13,"CRITICAL",IF(P13>=DREAD_Guidelines!$B$14,"HIGH",IF(P13>=DREAD_Guidelines!$B$15,"MEDIUM","LOW")))) -> HIGH | R13: =IF(P13="","",RANK(P13,$P$5:$P$44,0)) -> 6 | S13: Atribut role terdaftar di array protected fillable User model, memungkinkan injeksi parameter role=admin jika form request longgar.
A14: 10 | B14: CVE-2023-34449 / CWE-770 | C14: Denial of Service & Message Flooding via WebSocket Laravel Reverb (/test-latency & chat events) | D14: 1 | E14: 0 | F14: 1 | G14: 0 | H14: 1 | I14: 0 | J14: =IF(COUNT(D14:I14)=0,"",SUM(D14:I14)) -> 3 | K14: 6 | L14: 9 | M14: 9 | N14: 8 | O14: 8 | P14: =IF(COUNT(K14:O14)=5,SUM(K14:O14),"") -> 40 | Q14: =IF(P14="","",IF(P14>=DREAD_Guidelines!$B$13,"CRITICAL",IF(P14>=DREAD_Guidelines!$B$14,"HIGH",IF(P14>=DREAD_Guidelines!$B$15,"MEDIUM","LOW")))) -> CRITICAL | R14: =IF(P14="","",RANK(P14,$P$5:$P$44,0)) -> 2 | S14: Endpoint /api/test-latency tanpa autentikasi dapat dipicu untuk membanjiri channel Reverb dan menghabiskan resource daemon.
A15: 11 | J15: =IF(COUNT(D15:I15)=0,"",SUM(D15:I15)) | P15: =IF(COUNT(K15:O15)=5,SUM(K15:O15),"") | Q15: =IF(P15="","",IF(P15>=DREAD_Guidelines!$B$13,"CRITICAL",IF(P15>=DREAD_Guidelines!$B$14,"HIGH",IF(P15>=DREAD_Guidelines!$B$15,"MEDIUM","LOW")))) | R15: =IF(P15="","",RANK(P15,$P$5:$P$44,0))
A16: 12 | J16: =IF(COUNT(D16:I16)=0,"",SUM(D16:I16)) | P16: =IF(COUNT(K16:O16)=5,SUM(K16:O16),"") | Q16: =IF(P16="","",IF(P16>=DREAD_Guidelines!$B$13,"CRITICAL",IF(P16>=DREAD_Guidelines!$B$14,"HIGH",IF(P16>=DREAD_Guidelines!$B$15,"MEDIUM","LOW")))) | R16: =IF(P16="","",RANK(P16,$P$5:$P$44,0))
A17: 13 | J17: =IF(COUNT(D17:I17)=0,"",SUM(D17:I17)) | P17: =IF(COUNT(K17:O17)=5,SUM(K17:O17),"") | Q17: =IF(P17="","",IF(P17>=DREAD_Guidelines!$B$13,"CRITICAL",IF(P17>=DREAD_Guidelines!$B$14,"HIGH",IF(P17>=DREAD_Guidelines!$B$15,"MEDIUM","LOW")))) | R17: =IF(P17="","",RANK(P17,$P$5:$P$44,0))
A18: 14 | J18: =IF(COUNT(D18:I18)=0,"",SUM(D18:I18)) | P18: =IF(COUNT(K18:O18)=5,SUM(K18:O18),"") | Q18: =IF(P18="","",IF(P18>=DREAD_Guidelines!$B$13,"CRITICAL",IF(P18>=DREAD_Guidelines!$B$14,"HIGH",IF(P18>=DREAD_Guidelines!$B$15,"MEDIUM","LOW")))) | R18: =IF(P18="","",RANK(P18,$P$5:$P$44,0))
A19: 15 | J19: =IF(COUNT(D19:I19)=0,"",SUM(D19:I19)) | P19: =IF(COUNT(K19:O19)=5,SUM(K19:O19),"") | Q19: =IF(P19="","",IF(P19>=DREAD_Guidelines!$B$13,"CRITICAL",IF(P19>=DREAD_Guidelines!$B$14,"HIGH",IF(P19>=DREAD_Guidelines!$B$15,"MEDIUM","LOW")))) | R19: =IF(P19="","",RANK(P19,$P$5:$P$44,0))
A20: 16 | J20: =IF(COUNT(D20:I20)=0,"",SUM(D20:I20)) | P20: =IF(COUNT(K20:O20)=5,SUM(K20:O20),"") | Q20: =IF(P20="","",IF(P20>=DREAD_Guidelines!$B$13,"CRITICAL",IF(P20>=DREAD_Guidelines!$B$14,"HIGH",IF(P20>=DREAD_Guidelines!$B$15,"MEDIUM","LOW")))) | R20: =IF(P20="","",RANK(P20,$P$5:$P$44,0))
A21: 17 | J21: =IF(COUNT(D21:I21)=0,"",SUM(D21:I21)) | P21: =IF(COUNT(K21:O21)=5,SUM(K21:O21),"") | Q21: =IF(P21="","",IF(P21>=DREAD_Guidelines!$B$13,"CRITICAL",IF(P21>=DREAD_Guidelines!$B$14,"HIGH",IF(P21>=DREAD_Guidelines!$B$15,"MEDIUM","LOW")))) | R21: =IF(P21="","",RANK(P21,$P$5:$P$44,0))
A22: 18 | J22: =IF(COUNT(D22:I22)=0,"",SUM(D22:I22)) | P22: =IF(COUNT(K22:O22)=5,SUM(K22:O22),"") | Q22: =IF(P22="","",IF(P22>=DREAD_Guidelines!$B$13,"CRITICAL",IF(P22>=DREAD_Guidelines!$B$14,"HIGH",IF(P22>=DREAD_Guidelines!$B$15,"MEDIUM","LOW")))) | R22: =IF(P22="","",RANK(P22,$P$5:$P$44,0))
A23: 19 | J23: =IF(COUNT(D23:I23)=0,"",SUM(D23:I23)) | P23: =IF(COUNT(K23:O23)=5,SUM(K23:O23),"") | Q23: =IF(P23="","",IF(P23>=DREAD_Guidelines!$B$13,"CRITICAL",IF(P23>=DREAD_Guidelines!$B$14,"HIGH",IF(P23>=DREAD_Guidelines!$B$15,"MEDIUM","LOW")))) | R23: =IF(P23="","",RANK(P23,$P$5:$P$44,0))
A24: 20 | J24: =IF(COUNT(D24:I24)=0,"",SUM(D24:I24)) | P24: =IF(COUNT(K24:O24)=5,SUM(K24:O24),"") | Q24: =IF(P24="","",IF(P24>=DREAD_Guidelines!$B$13,"CRITICAL",IF(P24>=DREAD_Guidelines!$B$14,"HIGH",IF(P24>=DREAD_Guidelines!$B$15,"MEDIUM","LOW")))) | R24: =IF(P24="","",RANK(P24,$P$5:$P$44,0))
A25: 21 | J25: =IF(COUNT(D25:I25)=0,"",SUM(D25:I25)) | P25: =IF(COUNT(K25:O25)=5,SUM(K25:O25),"") | Q25: =IF(P25="","",IF(P25>=DREAD_Guidelines!$B$13,"CRITICAL",IF(P25>=DREAD_Guidelines!$B$14,"HIGH",IF(P25>=DREAD_Guidelines!$B$15,"MEDIUM","LOW")))) | R25: =IF(P25="","",RANK(P25,$P$5:$P$44,0))
A26: 22 | J26: =IF(COUNT(D26:I26)=0,"",SUM(D26:I26)) | P26: =IF(COUNT(K26:O26)=5,SUM(K26:O26),"") | Q26: =IF(P26="","",IF(P26>=DREAD_Guidelines!$B$13,"CRITICAL",IF(P26>=DREAD_Guidelines!$B$14,"HIGH",IF(P26>=DREAD_Guidelines!$B$15,"MEDIUM","LOW")))) | R26: =IF(P26="","",RANK(P26,$P$5:$P$44,0))
... A44: 40 | J44: =IF(COUNT(D44:I44)=0,"",SUM(D44:I44)) | P44: =IF(COUNT(K44:O44)=5,SUM(K44:O44),"") | Q44: =IF(P44="","",IF(P44>=DREAD_Guidelines!$B$13,"CRITICAL",IF(P44>=DREAD_Guidelines!$B$14,"HIGH",IF(P44>=DREAD_Guidelines!$B$15,"MEDIUM","LOW")))) | R44: =IF(P44="","",RANK(P44,$P$5:$P$44,0))

Sheet Ringkasan
B2: Ringkasan Hasil
B4: Level Risiko | C4: Jumlah ancaman
B5: CRITICAL | C5: =COUNTIF(STRIDE_DREAD_Template!$Q$5:$Q$44,B5) -> 3
B6: HIGH | C6: =COUNTIF(STRIDE_DREAD_Template!$Q$5:$Q$44,B6) -> 7
B7: MEDIUM | C7: =COUNTIF(STRIDE_DREAD_Template!$Q$5:$Q$44,B7) -> 0
B8: LOW | C8: =COUNTIF(STRIDE_DREAD_Template!$Q$5:$Q$44,B8) -> 0
B9: Total ternilai | C9: =SUM(C5:C8) -> 10
B11: Kategori STRIDE | C11: Jumlah ancaman
B12: Spoofing | C12: =SUM(STRIDE_DREAD_Template!D5:D44) -> 5
B13: Tampering | C13: =SUM(STRIDE_DREAD_Template!E5:E44) -> 6
B14: Repudiation | C14: =SUM(STRIDE_DREAD_Template!F5:F44) -> 3
B15: Information Disclosure | C15: =SUM(STRIDE_DREAD_Template!G5:G44) -> 6
B16: Denial of Service | C16: =SUM(STRIDE_DREAD_Template!H5:H44) -> 2
B17: Elevation of Privilege | C17: =SUM(STRIDE_DREAD_Template!I5:I44) -> 5
B19: Indikator | C19: Nilai
B20: Rata-rata total DREAD | C20: =IFERROR(AVERAGE(STRIDE_DREAD_Template!P5:P44),0) -> 37.5
B21: Skor DREAD tertinggi | C21: =IF(COUNT(STRIDE_DREAD_Template!P5:P44)=0,0,MAX(STRIDE_DREAD_Template!P5:P44)) -> 43
B22: Ancaman prioritas 1 | C22: =IFERROR(INDEX(STRIDE_DREAD_Template!C5:C44,MATCH(1,STRIDE_DREAD_Template!R5:R44,0)),"-") -> Information Disclosure via APP_DEBUG=true & Logging Error Sensitive Data di Environment Production

Sheet STRIDE_Guidelines
A1: Panduan Kategori STRIDE
A3: Kategori | B3: Definisi | C3: Contoh serangan | D3: Aspek keamanan yang dilanggar | E3: Contoh kontrol
A4: S – Spoofing | B4: Pemalsuan identitas untuk akses ilegal. | C4: Password dicuri, session hijacking | D4: Autentikasi | E4: MFA, rate limit, reCAPTCHA
A5: T – Tampering | B5: Perubahan atau manipulasi data. | C5: SQL Injection, modifikasi file | D5: Integritas | E5: Prepared statements, WAF, hash/MAC
A6: R – Repudiation | B6: Penolakan aksi tanpa bukti. | C6: Log dihapus, aktivitas tidak tercatat | D6: Non-repudiation | E6: Log terverifikasi, tanda tangan digital
A7: I – Information Disclosure | B7: Kebocoran data sensitif. | C7: Data leak, bucket publik, API tidak aman | D7: Kerahasiaan | E7: Enkripsi, TLS + HSTS, masking
A8: D – Denial of Service | B8: Pelumpuhan layanan. | C8: DDoS, resource exhaustion | D8: Ketersediaan | E8: WAF/CDN, rate limiting, autoscaling
A9: E – Elevation of Privilege | B9: Kenaikan hak akses. | C9: Privilege escalation, RCE | D9: Otorisasi | E9: RBAC, least privilege, patching

Sheet DREAD_Guidelines
A1: Rubrik Skor DREAD (0–10 per dimensi)
A3: Faktor | B3: Pertanyaan penuntun | C3: 0–2 | D3: 3–5 | E3: 6–8 | F3: 9–10
A4: Damage | B4: Seberapa parah kerusakan jika berhasil? | C4: Dampak kecil | D4: Merusak sebagian fungsi | E4: Dampak tinggi | F4: Kritis
A5: Reproducibility | B5: Seberapa mudah serangan diulang? | C5: Sulit diulang | D5: Perlu beberapa langkah | E5: Mudah dengan tools | F5: Sangat mudah
A6: Exploitability | B6: Seberapa mudah dieksploitasi? | C6: Butuh skill tinggi | D6: Butuh autentikasi | E6: Eksploit dari internet | F6: Sangat mudah
A7: Affected Users | B7: Berapa banyak pengguna terdampak? | C7: 1–2 user | D7: 5–10 user | E7: 1 divisi | F7: Semua user
A8: Discoverability | B8: Seberapa mudah celah ditemukan? | C8: Sulit ditemukan | D8: Butuh pengetahuan | E8: Terdeteksi by scan | F8: Sangat mudah ditemukan
A11: Skala Level Risiko (dipakai rumus pada template)
A12: Level | B12: Total DREAD minimum
A13: CRITICAL | B13: 40
A14: HIGH | B14: 30
A15: MEDIUM | B15: 20
A16: LOW | B16: 0
A18: Nilai biru pada kolom B boleh diubah dosen. Total DREAD = jumlah lima dimensi (maks 50).
