Workbook

Sheet Petunjuk
B2: Template Latihan CVSS v4.0 — Aplikasi Anda Sendiri
B3: Mata kuliah Keamanan Sistem Informasi · Pertemuan 4 CVSS · Dosen: Muhamad Yusril Helmi Setyawan
B5: Apa ini | C5: Berkas ini KOSONG — isi sendiri di sheet CVSS_Template untuk aplikasi/sistem yang Anda analisis pada tugas STRIDE-DREAD sebelumnya. Pelajari dulu pola pengisiannya di isian_contoh_CVSS_yusrilhelmi.xlsx (berkas contoh dosen) sebelum mengerjakan di sini.
B6: Kaitan dengan Latihan 3.1 | C6: Gunakan ANCAMAN YANG SAMA (ID T-xx, deskripsi, bukti kode) yang sudah Anda tulis di tugas STRIDE-DREAD Anda. Salin ID dan deskripsinya ke kolom B-C di sini, lalu nilai dengan CVSS — jangan membuat ancaman baru yang berbeda.
B7: Bagaimana skor didapat | C7: Isi kolom D-N (kuning) dengan nilai kategori metrik Base (pakai dropdown yang sudah disediakan). Kolom O (Vector String) terisi OTOMATIS. Lalu salin Vector String itu ke kalkulator resmi FIRST (first.org/cvss/calculator/4.0), baca angka Skor Base-nya, dan ketik manual ke kolom P — skor ini TIDAK bisa dihitung otomatis oleh Excel karena metodenya (MacroVector + lookup table) terlalu kompleks untuk rumus spreadsheet biasa.
B8: Boleh ada ancaman tanpa Skor Base? | C8: Tidak semua ancaman DREAD wajib diberi Skor Base CVSS. Kalau ancaman itu masih berupa risiko teoretis yang belum terbukti dapat dieksploitasi, boleh dikosongkan — tulis alasannya di kolom Catatan (contoh pola ini: baris T-14 pada berkas contoh dosen).
B9: Kolom Perbandingan DREAD | C9: Kolom S (Skor DREAD) diisi dari isian_contoh_STRIDE-DRIDE_yusrilhelmi.xlsx milik Anda sendiri (bukan contoh dosen). Kolom 'Level DREAD' dan 'Sejalan dengan DREAD?' lalu terisi otomatis untuk membantu Anda mendiskusikan kapan CVSS dan DREAD berbeda hasil.
B10: Warna sel | C10: Kuning + font biru = Anda WAJIB isi manual · Abu-abu = terisi OTOMATIS dari rumus, JANGAN diketik manual · Header biru = Exploitability · Header oranye = Dampak · Header hijau = hasil otomatis · Header ungu = perbandingan dengan DREAD.
B11: Sheet lain | C11: Perbandingan_DREAD-CVSS (perbedaan konsep) · Ringkasan (rekap otomatis + grafik, terisi sendiri begitu CVSS_Template Anda lengkap) · CVSS_Guidelines (arti tiap metrik dan skala severity).

Sheet Perbandingan_DREAD-CVSS
A1: Perbandingan: Latihan STRIDE+DREAD (Pertemuan 3.1) vs Latihan CVSS (Pertemuan 3.2)
A2: Contoh konkret dari perbandingan ini ada di kolom S–U sheet CVSS_Template pada berkas ini: 7 dari 14 kerentanan yang dinilai 'Sejalan', 7 'Berbeda' dengan DREAD.
A4: Aspek | B4: STRIDE + DREAD (sudah dikerjakan) | C4: CVSS v4.0 (latihan ini)
A5: Fungsi | B5: Memeringkat risiko ANCAMAN | C5: Menilai KEPARAHAN kerentanan
A6: Tahap pemakaian | B6: Desain & pemodelan ancaman (sebelum sistem jadi, atau untuk sistem yang sudah ada) | C6: Kerentanan yang SUDAH teridentifikasi pada sistem nyata
A7: Objek yang dinilai | B7: Ancaman, termasuk yang hipotetis (belum tentu ada celahnya) | C7: Kerentanan konkret (software/hardware/firmware) yang sudah ditemukan
A8: Cara mengisi | B8: STRIDE: tandai 1/0 (kategori berlaku atau tidak, boleh lebih dari satu). DREAD: isi skor 0–10 berdasarkan penilaian sendiri untuk 5 dimensi. | C8: Pilih TEPAT SATU nilai kategori (mis. N/A/L/P) untuk tiap metrik — bukan 1/0, dan bukan angka bebas 0–10.
A9: Jumlah & jenis faktor | B9: 5 faktor DREAD: Damage, Reproducibility, Exploitability, Affected Users, Discoverability | C9: 10 metrik Base CVSS: AV·AC·AT·PR·UI (Exploitability) + VC·VI·VA·SC·SI·SA (Dampak)
A10: Penetapan skor | B10: Total = jumlah lima angka yang mahasiswa isi sendiri (rumus SUM biasa) | C10: Vector string → skor dihitung lewat tabel MacroVector oleh kalkulator resmi FIRST, BUKAN dijumlahkan manual
A11: Konsistensi antar-penilai | B11: Rendah — sangat bergantung penilaian subjektif masing-masing orang | C11: Lebih terarah — tiap nilai metrik punya definisi tertulis, vector string yang sama selalu menghasilkan skor yang sama
A12: Penyesuaian konteks | B12: Tidak ada mekanisme baku | C12: Ada, lewat metrik Threat & Environmental (di luar cakupan dasar latihan ini)
A13: Skala keluaran | B13: Total 0–50, lalu dipetakan ke level CRITICAL/HIGH/MEDIUM/LOW | C13: Skor Base 0,0–10,0 + vector string yang bisa ditelusuri + peringkat kualitatif NONE–CRITICAL
A14: Pada berkas ini | B14: isian_contoh_STRIDE-DRIDE_yusrilhelmi.xlsx — Total, Level Risiko, Prioritas otomatis dari rumus penjumlahan, untuk T-01 s.d. T-15. | C14: Berkas ini (isian_contoh_CVSS_yusrilhelmi.xlsx) — Vector String, Severity, Prioritas otomatis dari rumus untuk ancaman yang sama; Skor Base diambil dari kalkulator CVSS resmi.
A15: Kapan hasilnya beda | B15: T-06 (XSS reflected): DREAD = HIGH (penilai menganggap reproducibility & discoverability tinggi). | C15: T-06: CVSS = LOW (2,3) — dampak teknisnya kecil: VC:L/VI:L, butuh UI:Passive dan kondisi tambahan AT:Present. Lihat Catatan baris T-06 untuk penjelasan lengkap.
A17: Kesimpulan: DREAD dan CVSS bisa memberi hasil yang berbeda untuk 'kerentanan yang sama' — itu wajar, karena keduanya mengukur hal yang tidak identik. Gunakan kolom 'Sejalan dengan DREAD?' untuk mendiskusikan selisihnya, bukan untuk mencari siapa yang 'benar'.

Sheet CVSS_Template
A1: Template Latihan CVSS v4.0 — Aplikasi Anda Sendiri
A2: Isi baris sesuai jumlah ancaman (T-xx) pada isian_contoh_STRIDE-DRIDE_yusrilhelmi.xlsx milik Anda sendiri. Kolom kuning diisi manual; kolom abu-abu (Vector String, Severity, Prioritas, Level DREAD, Sejalan?) terisi OTOMATIS dari rumus begitu kolom kuning lengkap. Jangan menyalin isian dari berkas contoh dosen — nilai berbeda untuk setiap aplikasi.
A3: Identitas | D3: CVSS Base — Exploitability | I3: CVSS Base — Dampak / Impact | O3: Hasil | S3: Perbandingan dengan DREAD (Latihan 3.1) | V3: Catatan
A4: No | B4: ID (T-xx) | C4: Deskripsi | D4: AV Attack Vector | E4: AC Attack Complexity | F4: AT Attack Requirements | G4: PR Privileges Required | H4: UI User Interaction | I4: VC Conf. (sistem rentan) | J4: VI Integritas (sistem rentan) | K4: VA Ketersediaan (sistem rentan) | L4: SC Conf. (sistem berikutnya) | M4: SI Integritas (sistem berikutnya) | N4: SA Ketersediaan (sistem berikutnya) | O4: Vector String CVSS | P4: Skor Base CVSS (0–10) | Q4: Severity | R4: Prioritas (1 = tertinggi) | S4: Skor DREAD (Latihan 3.1) | T4: Level DREAD (otomatis) | U4: Sejalan dengan DREAD? | V4: Catatan / alasan pemetaan metrik
A5: 1 | B5: T-01 | C5: Penyerang yang terautentikasi memanipulasi parameter order_id pada endpoint status booking di BookingController tanpa verifikasi kepemilikan akun, sehingga dapat mengubah status pesanan milik pengguna lain secara sepihak. | D5: N | E5: L | F5: N | G5: L | H5: N | I5: L | J5: H | K5: N | L5: N | M5: N | N5: N | O5: =IF(COUNTBLANK(D5:N5)>0,"","CVSS:4.0/AV:"&D5&"/AC:"&E5&"/AT:"&F5&"/PR:"&G5&"/UI:"&H5&"/VC:"&I5&"/VI:"&J5&"/VA:"&K5&"/SC:"&L5&"/SI:"&M5&"/SA:"&N5) -> CVSS:4.0/AV:N/AC:L/AT:N/PR:L/UI:N/VC:L/VI:H/VA:N/SC:N/SI:N/SA:N | P5: 7.1 | Q5: =IF(P5="","",IF(P5=0,"NONE",IF(P5<CVSS_Guidelines!$B$29,"LOW",IF(P5<CVSS_Guidelines!$B$28,"MEDIUM",IF(P5<CVSS_Guidelines!$B$27,"HIGH","CRITICAL"))))) -> HIGH | R5: =IF(P5="","",RANK(P5,$P$5:$P$44,0)) -> 5 | S5: 40 | T5: =IF(S5="","",IF(S5>=40,"CRITICAL",IF(S5>=30,"HIGH",IF(S5>=20,"MEDIUM","LOW")))) -> CRITICAL | U5: =IF(OR(Q5="",T5=""),"",IF(Q5=T5,"Sama","Berbeda")) -> Berbeda | V5: Penyerang login biasa (PR:L) memodifikasi status pesanan pengguna lain (VI:H, VC:L). Berbeda dengan DREAD (40 Critical) karena CVSS memperhitungkan pembatasan akses akun sah yang memperkecil populasi penyerang.
A6: 2 | B6: T-02 | C6: Penyerang tanpa autentikasi mengirimkan ribuan request ke endpoint uji latensi WebSocket Reverb secara masif, sehingga membanjiri channel Reverb dan mengakibatkan server socket mengalami kehabisan memori serta lumpuh. | D6: N | E6: L | F6: N | G6: N | H6: N | I6: N | J6: N | K6: H | L6: N | M6: N | N6: N | O6: =IF(COUNTBLANK(D6:N6)>0,"","CVSS:4.0/AV:"&D6&"/AC:"&E6&"/AT:"&F6&"/PR:"&G6&"/UI:"&H6&"/VC:"&I6&"/VI:"&J6&"/VA:"&K6&"/SC:"&L6&"/SI:"&M6&"/SA:"&N6) -> CVSS:4.0/AV:N/AC:L/AT:N/PR:N/UI:N/VC:N/VI:N/VA:H/SC:N/SI:N/SA:N | P6: 8.7 | Q6: =IF(P6="","",IF(P6=0,"NONE",IF(P6<CVSS_Guidelines!$B$29,"LOW",IF(P6<CVSS_Guidelines!$B$28,"MEDIUM",IF(P6<CVSS_Guidelines!$B$27,"HIGH","CRITICAL"))))) -> HIGH | R6: =IF(P6="","",RANK(P6,$P$5:$P$44,0)) -> 2 | S6: 40 | T6: =IF(S6="","",IF(S6>=40,"CRITICAL",IF(S6>=30,"HIGH",IF(S6>=20,"MEDIUM","LOW")))) -> CRITICAL | U6: =IF(OR(Q6="",T6=""),"",IF(Q6=T6,"Sama","Berbeda")) -> Berbeda | V6: Serangan jarak jauh tanpa kredensial (AV:N/PR:N) melumpuhkan ketersediaan socket (VA:H). Berbeda dengan DREAD (40 Critical) karena DoS murni tanpa kebocoran data di CVSS v4 berplafon High 8.7.
A7: 3 | B7: T-03 | C7: Penyerang memalsukan notifikasi callback webhook Midtrans dengan mengeksploitasi kemungkinan kunci rahasia kosong pada berkas konfigurasi, sehingga status pembayaran booking berubah menjadi lunas tanpa transfer uang sesungguhnya. | D7: N | E7: L | F7: P | G7: N | H7: N | I7: N | J7: H | K7: N | L7: N | M7: N | N7: N | O7: =IF(COUNTBLANK(D7:N7)>0,"","CVSS:4.0/AV:"&D7&"/AC:"&E7&"/AT:"&F7&"/PR:"&G7&"/UI:"&H7&"/VC:"&I7&"/VI:"&J7&"/VA:"&K7&"/SC:"&L7&"/SI:"&M7&"/SA:"&N7) -> CVSS:4.0/AV:N/AC:L/AT:P/PR:N/UI:N/VC:N/VI:H/VA:N/SC:N/SI:N/SA:N | P7: 8.2 | Q7: =IF(P7="","",IF(P7=0,"NONE",IF(P7<CVSS_Guidelines!$B$29,"LOW",IF(P7<CVSS_Guidelines!$B$28,"MEDIUM",IF(P7<CVSS_Guidelines!$B$27,"HIGH","CRITICAL"))))) -> HIGH | R7: =IF(P7="","",RANK(P7,$P$5:$P$44,0)) -> 3 | S7: 39 | T7: =IF(S7="","",IF(S7>=40,"CRITICAL",IF(S7>=30,"HIGH",IF(S7>=20,"MEDIUM","LOW")))) -> HIGH | U7: =IF(OR(Q7="",T7=""),"",IF(Q7=T7,"Sama","Berbeda")) -> Sama | V7: Penyerang publik (AV:N/PR:N) memanipulasi status pembayaran transaksi (VI:H) dengan prasyarat kunci server kosong (AT:P). Sejalan dengan DREAD (39 High).
A8: 4 | B8: T-04 | C8: Pengguna jahat memicu pencarian katalog dengan koordinat radius geolokasi secara berulang dan mengunggah banyak berkas berukuran 10MB, sehingga membebani CPU database dan menghabiskan ruang penyimpanan server. | D8: N | E8: L | F8: N | G8: L | H8: N | I8: N | J8: N | K8: L | L8: N | M8: N | N8: N | O8: =IF(COUNTBLANK(D8:N8)>0,"","CVSS:4.0/AV:"&D8&"/AC:"&E8&"/AT:"&F8&"/PR:"&G8&"/UI:"&H8&"/VC:"&I8&"/VI:"&J8&"/VA:"&K8&"/SC:"&L8&"/SI:"&M8&"/SA:"&N8) -> CVSS:4.0/AV:N/AC:L/AT:N/PR:L/UI:N/VC:N/VI:N/VA:L/SC:N/SI:N/SA:N | P8: 5.3 | Q8: =IF(P8="","",IF(P8=0,"NONE",IF(P8<CVSS_Guidelines!$B$29,"LOW",IF(P8<CVSS_Guidelines!$B$28,"MEDIUM",IF(P8<CVSS_Guidelines!$B$27,"HIGH","CRITICAL"))))) -> MEDIUM | R8: =IF(P8="","",RANK(P8,$P$5:$P$44,0)) -> 6 | S8: 38 | T8: =IF(S8="","",IF(S8>=40,"CRITICAL",IF(S8>=30,"HIGH",IF(S8>=20,"MEDIUM","LOW")))) -> HIGH | U8: =IF(OR(Q8="",T8=""),"",IF(Q8=T8,"Sama","Berbeda")) -> Berbeda | V8: Pengguna login (PR:L) memicu degradasi ketersediaan dan beban disk/CPU parsial (VA:L). Berbeda dengan DREAD karena CVSS membedakan degradasi parsial secara ketat sebagai Medium.
A9: 5 | B9: T-05 | C9: Pengguna menyisipkan skrip berbahaya berupa payload JavaScript pada kolom ulasan review atau catatan pemesanan jasa, sehingga skrip dieksekusi di browser penyedia jasa atau administrator saat membuka halaman. | D9: N | E9: L | F9: N | G9: L | H9: P | I9: L | J9: L | K9: N | L9: N | M9: N | N9: N | O9: =IF(COUNTBLANK(D9:N9)>0,"","CVSS:4.0/AV:"&D9&"/AC:"&E9&"/AT:"&F9&"/PR:"&G9&"/UI:"&H9&"/VC:"&I9&"/VI:"&J9&"/VA:"&K9&"/SC:"&L9&"/SI:"&M9&"/SA:"&N9) -> CVSS:4.0/AV:N/AC:L/AT:N/PR:L/UI:P/VC:L/VI:L/VA:N/SC:N/SI:N/SA:N | P9: 5.1 | Q9: =IF(P9="","",IF(P9=0,"NONE",IF(P9<CVSS_Guidelines!$B$29,"LOW",IF(P9<CVSS_Guidelines!$B$28,"MEDIUM",IF(P9<CVSS_Guidelines!$B$27,"HIGH","CRITICAL"))))) -> MEDIUM | R9: =IF(P9="","",RANK(P9,$P$5:$P$44,0)) -> 8 | S9: 37 | T9: =IF(S9="","",IF(S9>=40,"CRITICAL",IF(S9>=30,"HIGH",IF(S9>=20,"MEDIUM","LOW")))) -> HIGH | U9: =IF(OR(Q9="",T9=""),"",IF(Q9=T9,"Sama","Berbeda")) -> Berbeda | V9: Stored XSS memerlukan login (PR:L) dan interaksi pasif korban (UI:P) berdampak terbatas di sisi klien (VC:L/VI:L). Berbeda dengan DREAD karena CVSS mengukur keparahan teknis spesifik tanpa pembobotan discoverability.
A10: 6 | B10: T-06 | C10: Pengguna mendaftar atau memperbarui profil lalu menambahkan parameter role=admin melalui manipulasi HTTP request payload, sehingga hak akses akun meningkat menjadi administrator karena atribut role masuk ke fillable model. | D10: N | E10: L | F10: N | G10: N | H10: N | I10: H | J10: H | K10: H | L10: N | M10: N | N10: N | O10: =IF(COUNTBLANK(D10:N10)>0,"","CVSS:4.0/AV:"&D10&"/AC:"&E10&"/AT:"&F10&"/PR:"&G10&"/UI:"&H10&"/VC:"&I10&"/VI:"&J10&"/VA:"&K10&"/SC:"&L10&"/SI:"&M10&"/SA:"&N10) -> CVSS:4.0/AV:N/AC:L/AT:N/PR:N/UI:N/VC:H/VI:H/VA:H/SC:N/SI:N/SA:N | P10: 9.3 | Q10: =IF(P10="","",IF(P10=0,"NONE",IF(P10<CVSS_Guidelines!$B$29,"LOW",IF(P10<CVSS_Guidelines!$B$28,"MEDIUM",IF(P10<CVSS_Guidelines!$B$27,"HIGH","CRITICAL"))))) -> CRITICAL | R10: =IF(P10="","",RANK(P10,$P$5:$P$44,0)) -> 1 | S10: 37 | T10: =IF(S10="","",IF(S10>=40,"CRITICAL",IF(S10>=30,"HIGH",IF(S10>=20,"MEDIUM","LOW")))) -> HIGH | U10: =IF(OR(Q10="",T10=""),"",IF(Q10=T10,"Sama","Berbeda")) -> Berbeda | V10: Eskalasi hak akses penuh ke Admin tanpa autentikasi saat registrasi (PR:N) merusak seluruh pilar CIA (VC:H/VI:H/VA:H). Berbeda dengan DREAD karena CVSS menilai kompromi sistem total sebagai Critical, sedangkan DREAD teredam skor Discoverability.
A11: 7 | B11: T-07 | C11: Pengguna mengunggah berkas gambar manipulasi (seperti polyglot file atau SVG berbisa) pada fitur foto jasa dan avatar profil, sehingga berkas berbahaya tersimpan di direktori publik server dan dapat memicu SSRF atau XSS. | D11: N | E11: L | F11: N | G11: L | H11: P | I11: L | J11: L | K11: N | L11: N | M11: N | N11: N | O11: =IF(COUNTBLANK(D11:N11)>0,"","CVSS:4.0/AV:"&D11&"/AC:"&E11&"/AT:"&F11&"/PR:"&G11&"/UI:"&H11&"/VC:"&I11&"/VI:"&J11&"/VA:"&K11&"/SC:"&L11&"/SI:"&M11&"/SA:"&N11) -> CVSS:4.0/AV:N/AC:L/AT:N/PR:L/UI:P/VC:L/VI:L/VA:N/SC:N/SI:N/SA:N | P11: 5.1 | Q11: =IF(P11="","",IF(P11=0,"NONE",IF(P11<CVSS_Guidelines!$B$29,"LOW",IF(P11<CVSS_Guidelines!$B$28,"MEDIUM",IF(P11<CVSS_Guidelines!$B$27,"HIGH","CRITICAL"))))) -> MEDIUM | R11: =IF(P11="","",RANK(P11,$P$5:$P$44,0)) -> 8 | S11: 34 | T11: =IF(S11="","",IF(S11>=40,"CRITICAL",IF(S11>=30,"HIGH",IF(S11>=20,"MEDIUM","LOW")))) -> HIGH | U11: =IF(OR(Q11="",T11=""),"",IF(Q11=T11,"Sama","Berbeda")) -> Berbeda | V11: Unggah gambar SVG manipulatif butuh akun (PR:L) dan interaksi korban (UI:P) berdampak XSS/SSRF terbatas di klien (VC:L/VI:L). Berbeda dengan DREAD karena web server tidak mengeksekusi PHP di folder storage.
A12: 8 | B12: T-08 | C12: Pihak ketiga pada jaringan lokal atau perantara sniffing mencuri session ID pengguna karena konfigurasi sesi di database tidak dienkripsi, sehingga penyerang dapat membajak sesi login pengguna tanpa memerlukan password. | D12: A | E12: L | F12: P | G12: N | H12: P | I12: H | J12: H | K12: N | L12: N | M12: N | N12: N | O12: =IF(COUNTBLANK(D12:N12)>0,"","CVSS:4.0/AV:"&D12&"/AC:"&E12&"/AT:"&F12&"/PR:"&G12&"/UI:"&H12&"/VC:"&I12&"/VI:"&J12&"/VA:"&K12&"/SC:"&L12&"/SI:"&M12&"/SA:"&N12) -> CVSS:4.0/AV:A/AC:L/AT:P/PR:N/UI:P/VC:H/VI:H/VA:N/SC:N/SI:N/SA:N | P12: 7.4 | Q12: =IF(P12="","",IF(P12=0,"NONE",IF(P12<CVSS_Guidelines!$B$29,"LOW",IF(P12<CVSS_Guidelines!$B$28,"MEDIUM",IF(P12<CVSS_Guidelines!$B$27,"HIGH","CRITICAL"))))) -> HIGH | R12: =IF(P12="","",RANK(P12,$P$5:$P$44,0)) -> 4 | S12: 34 | T12: =IF(S12="","",IF(S12>=40,"CRITICAL",IF(S12>=30,"HIGH",IF(S12>=20,"MEDIUM","LOW")))) -> HIGH | U12: =IF(OR(Q12="",T12=""),"",IF(Q12=T12,"Sama","Berbeda")) -> Sama | V12: Sniffing sesi di jaringan lokal (AV:A) dengan prasyarat posisi MitM (AT:P) dan interaksi pasif korban (UI:P) mengambil alih akun korban (VC:H/VI:H). Sejalan dengan DREAD (34 High).
A13: 9 | B13: T-09 | C13: Pengguna yang terautentikasi memanipulasi parameter hash_id pada URL percakapan atau request penghapusan pesan, sehingga dapat membaca pesan rahasia atau menghapus riwayat chat milik pihak lain tanpa izin. | D13: N | E13: L | F13: N | G13: L | H13: N | I13: L | J13: L | K13: N | L13: N | M13: N | N13: N | O13: =IF(COUNTBLANK(D13:N13)>0,"","CVSS:4.0/AV:"&D13&"/AC:"&E13&"/AT:"&F13&"/PR:"&G13&"/UI:"&H13&"/VC:"&I13&"/VI:"&J13&"/VA:"&K13&"/SC:"&L13&"/SI:"&M13&"/SA:"&N13) -> CVSS:4.0/AV:N/AC:L/AT:N/PR:L/UI:N/VC:L/VI:L/VA:N/SC:N/SI:N/SA:N | P13: 5.3 | Q13: =IF(P13="","",IF(P13=0,"NONE",IF(P13<CVSS_Guidelines!$B$29,"LOW",IF(P13<CVSS_Guidelines!$B$28,"MEDIUM",IF(P13<CVSS_Guidelines!$B$27,"HIGH","CRITICAL"))))) -> MEDIUM | R13: =IF(P13="","",RANK(P13,$P$5:$P$44,0)) -> 6 | S13: 33 | T13: =IF(S13="","",IF(S13>=40,"CRITICAL",IF(S13>=30,"HIGH",IF(S13>=20,"MEDIUM","LOW")))) -> HIGH | U13: =IF(OR(Q13="",T13=""),"",IF(Q13=T13,"Sama","Berbeda")) -> Berbeda | V13: IDOR pada chat membutuhkan akun terdaftar (PR:L) dengan dampak kerahasiaan dan integritas terbatas pada pesan yang disasar (VC:L/VI:L). Berbeda dengan DREAD karena dampaknya terisolasi pada chat individual.
A14: 10 | O14: =IF(COUNTBLANK(D14:N14)>0,"","CVSS:4.0/AV:"&D14&"/AC:"&E14&"/AT:"&F14&"/PR:"&G14&"/UI:"&H14&"/VC:"&I14&"/VI:"&J14&"/VA:"&K14&"/SC:"&L14&"/SI:"&M14&"/SA:"&N14) | Q14: =IF(P14="","",IF(P14=0,"NONE",IF(P14<CVSS_Guidelines!$B$29,"LOW",IF(P14<CVSS_Guidelines!$B$28,"MEDIUM",IF(P14<CVSS_Guidelines!$B$27,"HIGH","CRITICAL"))))) | R14: =IF(P14="","",RANK(P14,$P$5:$P$44,0)) | T14: =IF(S14="","",IF(S14>=40,"CRITICAL",IF(S14>=30,"HIGH",IF(S14>=20,"MEDIUM","LOW")))) | U14: =IF(OR(Q14="",T14=""),"",IF(Q14=T14,"Sama","Berbeda"))
A15: 11 | O15: =IF(COUNTBLANK(D15:N15)>0,"","CVSS:4.0/AV:"&D15&"/AC:"&E15&"/AT:"&F15&"/PR:"&G15&"/UI:"&H15&"/VC:"&I15&"/VI:"&J15&"/VA:"&K15&"/SC:"&L15&"/SI:"&M15&"/SA:"&N15) | Q15: =IF(P15="","",IF(P15=0,"NONE",IF(P15<CVSS_Guidelines!$B$29,"LOW",IF(P15<CVSS_Guidelines!$B$28,"MEDIUM",IF(P15<CVSS_Guidelines!$B$27,"HIGH","CRITICAL"))))) | R15: =IF(P15="","",RANK(P15,$P$5:$P$44,0)) | T15: =IF(S15="","",IF(S15>=40,"CRITICAL",IF(S15>=30,"HIGH",IF(S15>=20,"MEDIUM","LOW")))) | U15: =IF(OR(Q15="",T15=""),"",IF(Q15=T15,"Sama","Berbeda"))
A16: 12 | O16: =IF(COUNTBLANK(D16:N16)>0,"","CVSS:4.0/AV:"&D16&"/AC:"&E16&"/AT:"&F16&"/PR:"&G16&"/UI:"&H16&"/VC:"&I16&"/VI:"&J16&"/VA:"&K16&"/SC:"&L16&"/SI:"&M16&"/SA:"&N16) | Q16: =IF(P16="","",IF(P16=0,"NONE",IF(P16<CVSS_Guidelines!$B$29,"LOW",IF(P16<CVSS_Guidelines!$B$28,"MEDIUM",IF(P16<CVSS_Guidelines!$B$27,"HIGH","CRITICAL"))))) | R16: =IF(P16="","",RANK(P16,$P$5:$P$44,0)) | T16: =IF(S16="","",IF(S16>=40,"CRITICAL",IF(S16>=30,"HIGH",IF(S16>=20,"MEDIUM","LOW")))) | U16: =IF(OR(Q16="",T16=""),"",IF(Q16=T16,"Sama","Berbeda"))
A17: 13 | O17: =IF(COUNTBLANK(D17:N17)>0,"","CVSS:4.0/AV:"&D17&"/AC:"&E17&"/AT:"&F17&"/PR:"&G17&"/UI:"&H17&"/VC:"&I17&"/VI:"&J17&"/VA:"&K17&"/SC:"&L17&"/SI:"&M17&"/SA:"&N17) | Q17: =IF(P17="","",IF(P17=0,"NONE",IF(P17<CVSS_Guidelines!$B$29,"LOW",IF(P17<CVSS_Guidelines!$B$28,"MEDIUM",IF(P17<CVSS_Guidelines!$B$27,"HIGH","CRITICAL"))))) | R17: =IF(P17="","",RANK(P17,$P$5:$P$44,0)) | T17: =IF(S17="","",IF(S17>=40,"CRITICAL",IF(S17>=30,"HIGH",IF(S17>=20,"MEDIUM","LOW")))) | U17: =IF(OR(Q17="",T17=""),"",IF(Q17=T17,"Sama","Berbeda"))
A18: 14 | O18: =IF(COUNTBLANK(D18:N18)>0,"","CVSS:4.0/AV:"&D18&"/AC:"&E18&"/AT:"&F18&"/PR:"&G18&"/UI:"&H18&"/VC:"&I18&"/VI:"&J18&"/VA:"&K18&"/SC:"&L18&"/SI:"&M18&"/SA:"&N18) | Q18: =IF(P18="","",IF(P18=0,"NONE",IF(P18<CVSS_Guidelines!$B$29,"LOW",IF(P18<CVSS_Guidelines!$B$28,"MEDIUM",IF(P18<CVSS_Guidelines!$B$27,"HIGH","CRITICAL"))))) | R18: =IF(P18="","",RANK(P18,$P$5:$P$44,0)) | T18: =IF(S18="","",IF(S18>=40,"CRITICAL",IF(S18>=30,"HIGH",IF(S18>=20,"MEDIUM","LOW")))) | U18: =IF(OR(Q18="",T18=""),"",IF(Q18=T18,"Sama","Berbeda"))
A19: 15 | O19: =IF(COUNTBLANK(D19:N19)>0,"","CVSS:4.0/AV:"&D19&"/AC:"&E19&"/AT:"&F19&"/PR:"&G19&"/UI:"&H19&"/VC:"&I19&"/VI:"&J19&"/VA:"&K19&"/SC:"&L19&"/SI:"&M19&"/SA:"&N19) | Q19: =IF(P19="","",IF(P19=0,"NONE",IF(P19<CVSS_Guidelines!$B$29,"LOW",IF(P19<CVSS_Guidelines!$B$28,"MEDIUM",IF(P19<CVSS_Guidelines!$B$27,"HIGH","CRITICAL"))))) | R19: =IF(P19="","",RANK(P19,$P$5:$P$44,0)) | T19: =IF(S19="","",IF(S19>=40,"CRITICAL",IF(S19>=30,"HIGH",IF(S19>=20,"MEDIUM","LOW")))) | U19: =IF(OR(Q19="",T19=""),"",IF(Q19=T19,"Sama","Berbeda"))
A20: 16 | O20: =IF(COUNTBLANK(D20:N20)>0,"","CVSS:4.0/AV:"&D20&"/AC:"&E20&"/AT:"&F20&"/PR:"&G20&"/UI:"&H20&"/VC:"&I20&"/VI:"&J20&"/VA:"&K20&"/SC:"&L20&"/SI:"&M20&"/SA:"&N20) | Q20: =IF(P20="","",IF(P20=0,"NONE",IF(P20<CVSS_Guidelines!$B$29,"LOW",IF(P20<CVSS_Guidelines!$B$28,"MEDIUM",IF(P20<CVSS_Guidelines!$B$27,"HIGH","CRITICAL"))))) | R20: =IF(P20="","",RANK(P20,$P$5:$P$44,0)) | T20: =IF(S20="","",IF(S20>=40,"CRITICAL",IF(S20>=30,"HIGH",IF(S20>=20,"MEDIUM","LOW")))) | U20: =IF(OR(Q20="",T20=""),"",IF(Q20=T20,"Sama","Berbeda"))
A21: 17 | O21: =IF(COUNTBLANK(D21:N21)>0,"","CVSS:4.0/AV:"&D21&"/AC:"&E21&"/AT:"&F21&"/PR:"&G21&"/UI:"&H21&"/VC:"&I21&"/VI:"&J21&"/VA:"&K21&"/SC:"&L21&"/SI:"&M21&"/SA:"&N21) | Q21: =IF(P21="","",IF(P21=0,"NONE",IF(P21<CVSS_Guidelines!$B$29,"LOW",IF(P21<CVSS_Guidelines!$B$28,"MEDIUM",IF(P21<CVSS_Guidelines!$B$27,"HIGH","CRITICAL"))))) | R21: =IF(P21="","",RANK(P21,$P$5:$P$44,0)) | T21: =IF(S21="","",IF(S21>=40,"CRITICAL",IF(S21>=30,"HIGH",IF(S21>=20,"MEDIUM","LOW")))) | U21: =IF(OR(Q21="",T21=""),"",IF(Q21=T21,"Sama","Berbeda"))
A22: 18 | O22: =IF(COUNTBLANK(D22:N22)>0,"","CVSS:4.0/AV:"&D22&"/AC:"&E22&"/AT:"&F22&"/PR:"&G22&"/UI:"&H22&"/VC:"&I22&"/VI:"&J22&"/VA:"&K22&"/SC:"&L22&"/SI:"&M22&"/SA:"&N22) | Q22: =IF(P22="","",IF(P22=0,"NONE",IF(P22<CVSS_Guidelines!$B$29,"LOW",IF(P22<CVSS_Guidelines!$B$28,"MEDIUM",IF(P22<CVSS_Guidelines!$B$27,"HIGH","CRITICAL"))))) | R22: =IF(P22="","",RANK(P22,$P$5:$P$44,0)) | T22: =IF(S22="","",IF(S22>=40,"CRITICAL",IF(S22>=30,"HIGH",IF(S22>=20,"MEDIUM","LOW")))) | U22: =IF(OR(Q22="",T22=""),"",IF(Q22=T22,"Sama","Berbeda"))
A23: 19 | O23: =IF(COUNTBLANK(D23:N23)>0,"","CVSS:4.0/AV:"&D23&"/AC:"&E23&"/AT:"&F23&"/PR:"&G23&"/UI:"&H23&"/VC:"&I23&"/VI:"&J23&"/VA:"&K23&"/SC:"&L23&"/SI:"&M23&"/SA:"&N23) | Q23: =IF(P23="","",IF(P23=0,"NONE",IF(P23<CVSS_Guidelines!$B$29,"LOW",IF(P23<CVSS_Guidelines!$B$28,"MEDIUM",IF(P23<CVSS_Guidelines!$B$27,"HIGH","CRITICAL"))))) | R23: =IF(P23="","",RANK(P23,$P$5:$P$44,0)) | T23: =IF(S23="","",IF(S23>=40,"CRITICAL",IF(S23>=30,"HIGH",IF(S23>=20,"MEDIUM","LOW")))) | U23: =IF(OR(Q23="",T23=""),"",IF(Q23=T23,"Sama","Berbeda"))
A24: 20 | O24: =IF(COUNTBLANK(D24:N24)>0,"","CVSS:4.0/AV:"&D24&"/AC:"&E24&"/AT:"&F24&"/PR:"&G24&"/UI:"&H24&"/VC:"&I24&"/VI:"&J24&"/VA:"&K24&"/SC:"&L24&"/SI:"&M24&"/SA:"&N24) | Q24: =IF(P24="","",IF(P24=0,"NONE",IF(P24<CVSS_Guidelines!$B$29,"LOW",IF(P24<CVSS_Guidelines!$B$28,"MEDIUM",IF(P24<CVSS_Guidelines!$B$27,"HIGH","CRITICAL"))))) | R24: =IF(P24="","",RANK(P24,$P$5:$P$44,0)) | T24: =IF(S24="","",IF(S24>=40,"CRITICAL",IF(S24>=30,"HIGH",IF(S24>=20,"MEDIUM","LOW")))) | U24: =IF(OR(Q24="",T24=""),"",IF(Q24=T24,"Sama","Berbeda"))
A25: 21 | O25: =IF(COUNTBLANK(D25:N25)>0,"","CVSS:4.0/AV:"&D25&"/AC:"&E25&"/AT:"&F25&"/PR:"&G25&"/UI:"&H25&"/VC:"&I25&"/VI:"&J25&"/VA:"&K25&"/SC:"&L25&"/SI:"&M25&"/SA:"&N25) | Q25: =IF(P25="","",IF(P25=0,"NONE",IF(P25<CVSS_Guidelines!$B$29,"LOW",IF(P25<CVSS_Guidelines!$B$28,"MEDIUM",IF(P25<CVSS_Guidelines!$B$27,"HIGH","CRITICAL"))))) | R25: =IF(P25="","",RANK(P25,$P$5:$P$44,0)) | T25: =IF(S25="","",IF(S25>=40,"CRITICAL",IF(S25>=30,"HIGH",IF(S25>=20,"MEDIUM","LOW")))) | U25: =IF(OR(Q25="",T25=""),"",IF(Q25=T25,"Sama","Berbeda"))
... A44: 40 | O44: =IF(COUNTBLANK(D44:N44)>0,"","CVSS:4.0/AV:"&D44&"/AC:"&E44&"/AT:"&F44&"/PR:"&G44&"/UI:"&H44&"/VC:"&I44&"/VI:"&J44&"/VA:"&K44&"/SC:"&L44&"/SI:"&M44&"/SA:"&N44) | Q44: =IF(P44="","",IF(P44=0,"NONE",IF(P44<CVSS_Guidelines!$B$29,"LOW",IF(P44<CVSS_Guidelines!$B$28,"MEDIUM",IF(P44<CVSS_Guidelines!$B$27,"HIGH","CRITICAL"))))) | R44: =IF(P44="","",RANK(P44,$P$5:$P$44,0)) | T44: =IF(S44="","",IF(S44>=40,"CRITICAL",IF(S44>=30,"HIGH",IF(S44>=20,"MEDIUM","LOW")))) | U44: =IF(OR(Q44="",T44=""),"",IF(Q44=T44,"Sama","Berbeda"))

Sheet Ringkasan
B2: Ringkasan Hasil CVSS — mon_server (SensoLab)
B4: Severity CVSS | C4: Jumlah kerentanan
B5: CRITICAL | C5: =COUNTIF(CVSS_Template!$Q$5:$Q$44,B5) -> 1
B6: HIGH | C6: =COUNTIF(CVSS_Template!$Q$5:$Q$44,B6) -> 4
B7: MEDIUM | C7: =COUNTIF(CVSS_Template!$Q$5:$Q$44,B7) -> 4
B8: LOW | C8: =COUNTIF(CVSS_Template!$Q$5:$Q$44,B8) -> 0
B9: NONE | C9: =COUNTIF(CVSS_Template!$Q$5:$Q$44,B9) -> 0
B10: Total ternilai | C10: =SUM(C5:C9) -> 9
B12: Perbandingan dengan DREAD | C12: Jumlah baris
B13: Sama | C13: =COUNTIF(CVSS_Template!$U$5:$U$44,"Sama") -> 2
B14: Berbeda | C14: =COUNTIF(CVSS_Template!$U$5:$U$44,"Berbeda") -> 7
B16: Indikator | C16: Nilai
B17: Rata-rata Skor Base CVSS | C17: =IFERROR(AVERAGE(CVSS_Template!P$5:P$44),0) -> 6.8333333
B18: Skor Base tertinggi | C18: =IF(COUNT(CVSS_Template!P$5:P$44)=0,0,MAX(CVSS_Template!P$5:P$44)) -> 9.3
B19: Kerentanan prioritas 1 | C19: =IFERROR(INDEX(CVSS_Template!B$5:B$44,MATCH(1,CVSS_Template!R$5:R$44,0)),"-") -> T-06

Sheet CVSS_Guidelines
A1: Panduan Metrik CVSS v4.0 (Base)
A3: Metrik | B3: Nilai | C3: Kepanjangan | D3: Penjelasan singkat
A4: AV — Attack Vector | B4: N | C4: Network | D4: Dieksploitasi dari jarak jauh lewat jaringan/internet.
B5: A | C5: Adjacent | D5: Perlu akses ke jaringan/segmen yang sama (mis. LAN, WiFi lokal).
B6: L | C6: Local | D6: Perlu akses lokal ke sistem (mis. login shell, aplikasi lokal).
B7: P | C7: Physical | D7: Perlu akses fisik ke perangkat.
A8: AC — Attack Complexity | B8: L | C8: Low | D8: Tidak perlu kondisi atau usaha ekstra agar eksploit berhasil.
B9: H | C9: High | D9: Perlu kondisi tambahan DI LUAR KENDALI PENYERANG (mis. pihak ketiga harus dibobol lebih dulu).
A10: AT — Attack Requirements | B10: N | C10: None | D10: Tidak ada prasyarat sebelum serangan dapat dilakukan.
B11: P | C11: Present | D11: Ada prasyarat DI DALAM sistem/aplikasi itu sendiri (mis. celah lain harus ada lebih dulu, atau fitur tertentu harus aktif).
A12: PR — Privileges Required | B12: N | C12: None | D12: Penyerang tidak perlu hak akses apa pun.
B13: L | C13: Low | D13: Penyerang perlu hak akses dasar/terbatas.
B14: H | C14: High | D14: Penyerang perlu hak akses tingkat admin/istimewa.
A15: UI — User Interaction | B15: N | C15: None | D15: Tidak perlu tindakan apa pun dari korban.
B16: P | C16: Passive | D16: Korban melakukan tindakan umum (mis. membuka halaman) tanpa sadar membantu serangan.
B17: A | C17: Active | D17: Korban harus melakukan langkah khusus (mis. mengklik tautan tertentu, mengubah pengaturan).
A19: Dampak / Impact — berlaku untuk VC, VI, VA (dampak ke sistem yang rentan) dan SC, SI, SA (dampak ke sistem lain / berikutnya, bila ada)
B20: H | C20: High | D20: Dampak penuh/signifikan terhadap aspek tersebut (Confidentiality/Integrity/Availability).
B21: L | C21: Low | D21: Dampak terbatas/sebagian.
B22: N | C22: None | D22: Tidak ada dampak terhadap aspek tersebut.
A25: Skala Severity (dipakai rumus pada CVSS_Template)
A26: Level | B26: Skor Base minimum
A27: CRITICAL | B27: 9
A28: HIGH | B28: 7
A29: MEDIUM | B29: 4
A30: LOW | B30: 0.1
A31: NONE | B31: 0
A33: Nilai biru pada kolom B boleh diubah dosen. CRITICAL/HIGH/MEDIUM di sini HARUS tetap berurutan karena dirujuk langsung oleh rumus Severity di CVSS_Template (baris 27-29).
